sample_id,character,split,relative_path
0_1,成,train,train/0_1.npz
0_13,化,train,train/0_13.npz
0_15,堂,train,train/0_15.npz
0_29,大,train,train/0_29.npz
0_38,盈,test,test/0_38.npz
0_52,在,train,train/0_52.npz
0_83,史,train,train/0_83.npz
0_89,十,train,train/0_89.npz
12_1051,名,train,train/12_1051.npz
12_1077,十,train,train/12_1077.npz
12_1109,以,test,test/12_1109.npz
12_1116,六,test,test/12_1116.npz
12_1133,山,train,train/12_1133.npz
12_1136,山,train,train/12_1136.npz
12_1138,山,train,train/12_1138.npz
12_117,史,train,train/12_117.npz
12_12,太,test,test/12_12.npz
12_127,史,train,train/12_127.npz
12_1314,子,train,train/12_1314.npz
12_1317,方,train,train/12_1317.npz
12_1320,在,train,train/12_1320.npz
12_1336,公,test,test/12_1336.npz
12_1360,居,train,train/12_1360.npz
12_1362,宇,train,train/12_1362.npz
12_1365,里,train,train/12_1365.npz
12_1367,之,train,train/12_1367.npz
12_1374,尚,train,train/12_1374.npz
12_1377,之,train,train/12_1377.npz
12_1382,光,test,test/12_1382.npz
12_1387,二,train,train/12_1387.npz
12_1390,社,train,train/12_1390.npz
12_1417,而,train,train/12_1417.npz
12_1423,其,train,train/12_1423.npz
12_1438,武,train,train/12_1438.npz
12_1440,之,test,test/12_1440.npz
12_1455,云,train,train/12_1455.npz
12_15,州,train,train/12_15.npz
12_1502,光,train,train/12_1502.npz
12_1553,月,train,train/12_1553.npz
12_1571,石,train,train/12_1571.npz
12_1652,山,test,test/12_1652.npz
12_1712,天,train,train/12_1712.npz
12_19,英,train,train/12_19.npz
12_192,林,test,test/12_192.npz
12_21,武,test,test/12_21.npz
12_22,公,train,train/12_22.npz
12_23,李,train,train/12_23.npz
12_239,行,train,train/12_239.npz
12_24,公,train,train/12_24.npz
12_261,奉,test,test/12_261.npz
12_290,上,train,train/12_290.npz
12_308,守,test,test/12_308.npz
12_333,武,train,train/12_333.npz
12_350,文,train,train/12_350.npz
12_368,入,train,train/12_368.npz
12_43,柱,train,train/12_43.npz
12_470,伐,train,train/12_470.npz
12_480,昔,train,train/12_480.npz
12_484,折,test,test/12_484.npz
12_49,其,train,train/12_49.npz
12_556,九,test,test/12_556.npz
12_598,海,test,test/12_598.npz
12_609,空,test,test/12_609.npz
12_677,古,train,train/12_677.npz
12_716,大,train,train/12_716.npz
12_723,州,test,test/12_723.npz
12_727,大,train,train/12_727.npz
12_815,三,train,train/12_815.npz
12_861,凶,train,train/12_861.npz
12_871,不,train,train/12_871.npz
12_939,老,test,test/12_939.npz
13_103,之,train,train/13_103.npz
13_165,上,train,train/13_165.npz
13_178,玉,train,train/13_178.npz
13_233,西,train,train/13_233.npz
13_79,水,train,train/13_79.npz
13_86,仙,train,train/13_86.npz
14_1002,心,train,train/14_1002.npz
14_1015,大,train,train/14_1015.npz
14_1017,若,train,train/14_1017.npz
14_1027,真,train,train/14_1027.npz
14_1046,二,train,train/14_1046.npz
14_1077,生,test,test/14_1077.npz
14_1095,中,train,train/14_1095.npz
14_1111,心,train,train/14_1111.npz
14_1119,而,train,train/14_1119.npz
14_112,白,train,train/14_112.npz
14_1129,心,test,test/14_1129.npz
14_1171,春,train,train/14_1171.npz
14_1172,而,train,train/14_1172.npz
14_1174,井,train,train/14_1174.npz
14_1176,花,test,test/14_1176.npz
14_1177,不,train,train/14_1177.npz
14_1179,而,train,train/14_1179.npz
14_1213,方,test,test/14_1213.npz
14_1217,人,test,test/14_1217.npz
14_1222,又,train,train/14_1222.npz
14_1224,堂,test,test/14_1224.npz
14_1236,又,train,train/14_1236.npz
14_1241,并,test,test/14_1241.npz
14_1247,好,test,test/14_1247.npz
14_1274,采,train,train/14_1274.npz
14_1277,氏,train,train/14_1277.npz
14_1288,之,test,test/14_1288.npz
14_1296,在,train,train/14_1296.npz
14_1299,上,train,train/14_1299.npz
14_131,之,train,train/14_131.npz
14_1352,存,train,train/14_1352.npz
14_1363,忘,test,test/14_1363.npz
14_1372,是,test,test/14_1372.npz
14_1389,夫,test,test/14_1389.npz
14_139,舟,train,train/14_139.npz
14_1393,白,test,test/14_1393.npz
14_1411,大,train,train/14_1411.npz
14_1414,年,train,train/14_1414.npz
14_1418,二,train,train/14_1418.npz
14_1419,日,test,test/14_1419.npz
14_142,人,train,train/14_142.npz
14_1424,六,train,train/14_1424.npz
14_1426,有,train,train/14_1426.npz
14_1430,之,train,train/14_1430.npz
14_1444,北,train,train/14_1444.npz
14_146,斯,train,train/14_146.npz
14_1479,盈,train,train/14_1479.npz
14_1480,四,train,train/14_1480.npz
14_1481,部,train,train/14_1481.npz
14_1485,之,train,train/14_1485.npz
14_1486,荒,train,train/14_1486.npz
14_1488,抑,train,train/14_1488.npz
14_1491,悼,train,train/14_1491.npz
14_1504,天,train,train/14_1504.npz
14_1520,元,train,train/14_1520.npz
14_1531,界,test,test/14_1531.npz
14_1537,心,train,train/14_1537.npz
14_1540,空,train,train/14_1540.npz
14_1541,混,train,train/14_1541.npz
14_1555,杖,train,train/14_1555.npz
14_1579,于,test,test/14_1579.npz
14_1593,人,train,train/14_1593.npz
14_1599,良,train,train/14_1599.npz
14_1605,天,train,train/14_1605.npz
14_162,因,train,train/14_162.npz
14_1668,而,train,train/14_1668.npz
14_1670,日,train,train/14_1670.npz
14_1673,居,train,train/14_1673.npz
14_169,一,train,train/14_169.npz
14_1699,三,train,train/14_1699.npz
14_1711,非,train,train/14_1711.npz
14_1724,方,train,train/14_1724.npz
14_1725,化,train,train/14_1725.npz
14_1730,三,train,train/14_1730.npz
14_1732,空,train,train/14_1732.npz
14_1734,四,train,train/14_1734.npz
14_1787,令,train,train/14_1787.npz
14_1796,部,test,test/14_1796.npz
14_1799,三,test,test/14_1799.npz
14_1805,智,test,test/14_1805.npz
14_1827,何,test,test/14_1827.npz
14_1830,我,train,train/14_1830.npz
14_1832,良,test,test/14_1832.npz
14_1837,空,train,train/14_1837.npz
14_1842,夫,test,test/14_1842.npz
14_1847,光,train,train/14_1847.npz
14_186,郎,test,test/14_186.npz
14_1875,根,train,train/14_1875.npz
14_1886,末,train,train/14_1886.npz
14_1888,二,test,test/14_1888.npz
14_1889,月,train,train/14_1889.npz
14_189,子,test,test/14_189.npz
14_1896,子,train,train/14_1896.npz
14_194,唐,train,train/14_194.npz
14_203,天,test,test/14_203.npz
14_204,平,test,test/14_204.npz
14_205,公,train,train/14_205.npz
14_208,吴,train,train/14_208.npz
14_214,位,train,train/14_214.npz
14_219,法,test,test/14_219.npz
14_222,敏,test,test/14_222.npz
14_233,母,train,train/14_233.npz
14_235,山,test,test/14_235.npz
14_236,夫,train,train/14_236.npz
14_237,人,train,train/14_237.npz
14_243,月,train,train/14_243.npz
14_244,不,train,train/14_244.npz
14_253,欣,test,test/14_253.npz
14_285,宇,train,train/14_285.npz
14_290,忘,train,train/14_290.npz
14_296,大,train,train/14_296.npz
14_302,出,train,train/14_302.npz
14_357,乃,train,train/14_357.npz
14_358,固,train,train/14_358.npz
14_383,挂,train,train/14_383.npz
14_404,而,train,train/14_404.npz
14_405,未,test,test/14_405.npz
14_41,天,train,train/14_41.npz
14_421,森,train,train/14_421.npz
14_424,花,train,train/14_424.npz
14_426,灼,train,train/14_426.npz
14_432,井,test,test/14_432.npz
14_458,一,train,train/14_458.npz
14_462,十,train,train/14_462.npz
14_474,自,train,train/14_474.npz
14_480,早,train,train/14_480.npz
14_498,式,train,train/14_498.npz
14_502,遂,test,test/14_502.npz
14_513,也,train,train/14_513.npz
14_514,其,train,train/14_514.npz
14_515,地,test,test/14_515.npz
14_523,城,train,train/14_523.npz
14_526,里,train,train/14_526.npz
14_546,仍,test,test/14_546.npz
14_583,暗,train,train/14_583.npz
14_589,而,train,train/14_589.npz
14_613,地,train,train/14_613.npz
14_650,之,test,test/14_650.npz
14_653,重,train,train/14_653.npz
14_654,重,test,test/14_654.npz
14_673,但,train,train/14_673.npz
14_691,舍,train,train/14_691.npz
14_692,利,train,train/14_692.npz
14_697,七,train,train/14_697.npz
14_70,夫,train,train/14_70.npz
14_705,百,train,train/14_705.npz
14_749,之,train,train/14_749.npz
14_770,入,train,train/14_770.npz
14_776,行,train,train/14_776.npz
14_785,九,test,test/14_785.npz
14_788,奉,train,train/14_788.npz
14_848,句,train,train/14_848.npz
14_852,不,train,train/14_852.npz
14_89,逝,train,train/14_89.npz
14_912,研,train,train/14_912.npz
14_917,不,train,train/14_917.npz
14_927,力,test,test/14_927.npz
14_931,方,train,train/14_931.npz
14_956,一,train,train/14_956.npz
14_96,西,test,test/14_96.npz
14_984,提,train,train/14_984.npz
15_211,自,train,train/15_211.npz
15_233,者,train,train/15_233.npz
15_297,化,train,train/15_297.npz
15_314,日,train,train/15_314.npz
15_403,一,train,train/15_403.npz
15_514,岳,test,test/15_514.npz
16_1119,浮,train,train/16_1119.npz
16_1130,香,train,train/16_1130.npz
16_1166,邑,test,test/16_1166.npz
16_1197,而,train,train/16_1197.npz
16_1241,而,train,train/16_1241.npz
16_1272,二,train,train/16_1272.npz
16_1340,崇,train,train/16_1340.npz
16_1415,有,train,train/16_1415.npz
16_1458,一,train,train/16_1458.npz
16_1482,珠,test,test/16_1482.npz
16_1547,由,test,test/16_1547.npz
16_1670,林,train,train/16_1670.npz
16_1748,一,train,train/16_1748.npz
16_1786,金,train,train/16_1786.npz
16_1792,珠,train,train/16_1792.npz
16_1821,千,train,train/16_1821.npz
16_1826,沐,train,train/16_1826.npz
16_1847,之,train,train/16_1847.npz
16_196,威,train,train/16_196.npz
16_1979,天,test,test/16_1979.npz
16_205,隆,train,train/16_205.npz
16_2123,七,train,train/16_2123.npz
16_291,自,test,test/16_291.npz
16_499,之,test,test/16_499.npz
16_561,其,train,train/16_561.npz
16_563,又,train,train/16_563.npz
16_579,志,train,train/16_579.npz
16_651,九,train,train/16_651.npz
16_653,而,train,train/16_653.npz
16_849,有,train,train/16_849.npz
16_852,之,train,train/16_852.npz
16_853,危,train,train/16_853.npz
16_901,珠,train,train/16_901.npz
16_998,一,test,test/16_998.npz
18_103,而,train,train/18_103.npz
18_106,而,test,test/18_106.npz
18_11,文,train,train/18_11.npz
18_111,利,test,test/18_111.npz
18_119,邑,train,train/18_119.npz
18_127,者,train,train/18_127.npz
18_130,者,train,train/18_130.npz
18_133,甲,train,train/18_133.npz
18_135,理,test,test/18_135.npz
18_140,塞,train,train/18_140.npz
18_141,外,test,test/18_141.npz
18_15,郎,train,train/18_15.npz
18_151,中,train,train/18_151.npz
18_155,行,train,train/18_155.npz
18_158,求,train,train/18_158.npz
18_16,王,train,train/18_16.npz
18_160,之,train,train/18_160.npz
18_163,彼,test,test/18_163.npz
18_164,村,train,train/18_164.npz
18_166,古,train,train/18_166.npz
18_167,多,train,train/18_167.npz
18_169,舍,train,train/18_169.npz
18_170,往,train,train/18_170.npz
18_171,往,test,test/18_171.npz
18_174,而,test,test/18_174.npz
18_175,法,train,train/18_175.npz
18_177,存,train,train/18_177.npz
18_179,或,train,train/18_179.npz
18_181,或,train,train/18_181.npz
18_183,或,test,test/18_183.npz
18_188,睹,train,train/18_188.npz
18_199,君,train,train/18_199.npz
18_201,咨,train,train/18_201.npz
18_204,有,train,train/18_204.npz
18_209,背,train,train/18_209.npz
18_210,之,test,test/18_210.npz
18_211,老,train,train/18_211.npz
18_214,人,train,train/18_214.npz
18_217,而,train,train/18_217.npz
18_221,是,train,train/18_221.npz
18_224,之,train,train/18_224.npz
18_231,敢,train,train/18_231.npz
18_234,凡,train,train/18_234.npz
18_244,容,train,train/18_244.npz
18_246,祈,train,train/18_246.npz
18_248,君,train,train/18_248.npz
18_250,善,test,test/18_250.npz
18_251,且,test,test/18_251.npz
18_253,五,train,train/18_253.npz
18_255,沙,train,train/18_255.npz
18_262,施,train,train/18_262.npz
18_263,之,train,train/18_263.npz
18_264,力,train,train/18_264.npz
18_267,百,test,test/18_267.npz
18_270,之,train,train/18_270.npz
18_271,心,train,train/18_271.npz
18_272,百,train,train/18_272.npz
18_274,一,train,train/18_274.npz
18_279,谷,test,test/18_279.npz
18_280,呀,train,train/18_280.npz
18_281,人,train,train/18_281.npz
18_285,雷,train,train/18_285.npz
18_288,白,train,train/18_288.npz
18_292,青,train,train/18_292.npz
18_299,天,train,train/18_299.npz
18_3,州,train,train/18_3.npz
18_301,之,train,train/18_301.npz
18_305,天,test,test/18_305.npz
18_306,下,train,train/18_306.npz
18_307,之,test,test/18_307.npz
18_309,柔,train,train/18_309.npz
18_312,柔,test,test/18_312.npz
18_318,成,train,train/18_318.npz
18_32,自,train,train/18_32.npz
18_33,我,test,test/18_33.npz
18_334,相,train,train/18_334.npz
18_339,者,train,train/18_339.npz
18_341,莫,train,train/18_341.npz
18_342,知,train,train/18_342.npz
18_343,其,train,train/18_343.npz
18_348,其,train,train/18_348.npz
18_349,不,train,train/18_349.npz
18_351,而,train,train/18_351.npz
18_352,成,train,train/18_352.npz
18_353,也,train,train/18_353.npz
18_354,度,train,train/18_354.npz
18_357,又,train,train/18_357.npz
18_358,莫,test,test/18_358.npz
18_360,其,train,train/18_360.npz
18_365,其,train,train/18_365.npz
18_368,而,test,test/18_368.npz
18_369,至,test,test/18_369.npz
18_371,非,train,train/18_371.npz
18_373,人,train,train/18_373.npz
18_378,君,train,train/18_378.npz
18_38,示,train,train/18_38.npz
18_382,及,train,train/18_382.npz
18_384,人,test,test/18_384.npz
18_385,何,train,train/18_385.npz
18_388,之,test,test/18_388.npz
18_389,是,test,test/18_389.npz
18_392,可,train,train/18_392.npz
18_398,一,test,test/18_398.npz
18_40,不,train,train/18_40.npz
18_400,使,train,train/18_400.npz
18_401,臣,train,train/18_401.npz
18_403,君,test,test/18_403.npz
18_404,政,test,test/18_404.npz
18_405,尤,test,test/18_405.npz
18_409,帝,train,train/18_409.npz
18_41,有,train,train/18_41.npz
18_410,帝,test,test/18_410.npz
18_415,以,train,train/18_415.npz
18_416,束,train,train/18_416.npz
18_418,有,test,test/18_418.npz
18_421,也,train,train/18_421.npz
18_422,伊,train,train/18_422.npz
18_428,既,train,train/18_428.npz
18_438,至,train,train/18_438.npz
18_439,自,train,train/18_439.npz
18_44,人,train,train/18_44.npz
18_443,至,train,train/18_443.npz
18_444,化,test,test/18_444.npz
18_447,前,train,train/18_447.npz
18_448,功,train,train/18_448.npz
18_452,彰,train,train/18_452.npz
18_461,人,train,train/18_461.npz
18_462,思,test,test/18_462.npz
18_464,父,train,train/18_464.npz
18_466,杜,train,train/18_466.npz
18_470,力,train,train/18_470.npz
18_472,不,test,test/18_472.npz
18_475,用,train,train/18_475.npz
18_48,小,train,train/18_48.npz
18_485,也,train,train/18_485.npz
18_487,不,test,test/18_487.npz
18_49,大,train,train/18_49.npz
18_497,之,test,test/18_497.npz
18_50,之,test,test/18_50.npz
18_505,而,train,train/18_505.npz
18_508,如,train,train/18_508.npz
18_512,不,test,test/18_512.npz
18_514,不,train,train/18_514.npz
18_517,永,train,train/18_517.npz
18_518,存,test,test/18_518.npz
18_520,大,test,test/18_520.npz
18_523,元,train,train/18_523.npz
18_525,七,train,train/18_525.npz
18_526,年,train,train/18_526.npz
18_528,次,train,train/18_528.npz
18_531,五,train,train/18_531.npz
18_536,三,train,train/18_536.npz
18_537,日,train,train/18_537.npz
18_538,甲,train,train/18_538.npz
18_54,乎,test,test/18_54.npz
18_542,北,test,test/18_542.npz
18_543,山,train,train/18_543.npz
18_544,通,train,train/18_544.npz
18_547,三,train,train/18_547.npz
18_549,官,train,train/18_549.npz
18_550,坐,train,train/18_550.npz
18_552,白,test,test/18_552.npz
18_557,三,train,train/18_557.npz
18_558,五,test,test/18_558.npz
18_563,城,test,test/18_563.npz
18_568,店,train,train/18_568.npz
18_57,彼,train,train/18_57.npz
18_570,百,train,train/18_570.npz
18_572,抱,train,train/18_572.npz
18_578,一,train,train/18_578.npz
18_591,及,test,test/18_591.npz
18_593,宇,train,train/18_593.npz
18_594,二,test,test/18_594.npz
18_595,百,train,train/18_595.npz
18_600,四,test,test/18_600.npz
18_603,上,train,train/18_603.npz
18_606,君,train,train/18_606.npz
18_67,而,train,train/18_67.npz
18_68,不,test,test/18_68.npz
18_70,乎,train,train/18_70.npz
18_74,我,train,train/18_74.npz
18_75,前,test,test/18_75.npz
18_76,太,train,train/18_76.npz
18_79,君,train,train/18_79.npz
18_80,之,train,train/18_80.npz
18_82,立,test,test/18_82.npz
18_84,君,test,test/18_84.npz
18_87,字,train,train/18_87.npz
18_88,子,train,train/18_88.npz
18_91,尚,train,train/18_91.npz
18_96,我,train,train/18_96.npz
19_1015,及,train,train/19_1015.npz
19_1016,三,train,train/19_1016.npz
19_102,容,test,test/19_102.npz
19_1024,方,test,test/19_1024.npz
19_1025,也,train,train/19_1025.npz
19_1047,不,train,train/19_1047.npz
19_1062,乎,train,train/19_1062.npz
19_1063,近,train,train/19_1063.npz
19_1084,主,train,train/19_1084.npz
19_1087,故,train,train/19_1087.npz
19_109,善,train,train/19_109.npz
19_1101,何,train,train/19_1101.npz
19_1102,有,test,test/19_1102.npz
19_1117,神,train,train/19_1117.npz
19_1121,理,train,train/19_1121.npz
19_1123,人,test,test/19_1123.npz
19_1128,之,train,train/19_1128.npz
19_1129,至,train,train/19_1129.npz
19_1133,年,train,train/19_1133.npz
19_1135,次,train,train/19_1135.npz
19_1144,年,train,train/19_1144.npz
19_1145,春,test,test/19_1145.npz
19_1178,公,train,train/19_1178.npz
19_1186,公,train,train/19_1186.npz
19_119,不,train,train/19_119.npz
19_1195,情,train,train/19_1195.npz
19_1210,借,train,train/19_1210.npz
19_1223,立,train,train/19_1223.npz
19_1226,田,train,train/19_1226.npz
19_1228,清,train,train/19_1228.npz
19_123,而,train,train/19_123.npz
19_1233,月,test,test/19_1233.npz
19_127,政,train,train/19_127.npz
19_1283,燕,train,train/19_1283.npz
19_1285,南,train,train/19_1285.npz
19_1294,人,train,train/19_1294.npz
19_1296,不,train,train/19_1296.npz
19_1299,而,train,train/19_1299.npz
19_1302,是,train,train/19_1302.npz
19_1322,不,train,train/19_1322.npz
19_1336,非,train,train/19_1336.npz
19_1338,之,train,train/19_1338.npz
19_1352,化,test,test/19_1352.npz
19_1353,自,train,train/19_1353.npz
19_1354,下,train,train/19_1354.npz
19_1359,方,train,train/19_1359.npz
19_1368,石,test,test/19_1368.npz
19_1373,不,test,test/19_1373.npz
19_1376,元,train,train/19_1376.npz
19_1380,十,train,train/19_1380.npz
19_1381,月,train,train/19_1381.npz
19_1382,十,train,train/19_1382.npz
19_1384,日,train,train/19_1384.npz
19_153,近,train,train/19_153.npz
19_160,昌,train,train/19_160.npz
19_172,上,train,train/19_172.npz
19_176,自,train,train/19_176.npz
19_202,也,test,test/19_202.npz
19_203,不,train,train/19_203.npz
19_218,西,train,train/19_218.npz
19_22,使,train,train/19_22.npz
19_221,史,train,train/19_221.npz
19_225,州,train,train/19_225.npz
19_226,同,train,train/19_226.npz
19_227,谷,train,train/19_227.npz
19_229,名,test,test/19_229.npz
19_238,克,train,train/19_238.npz
19_25,金,train,train/19_25.npz
19_253,性,train,train/19_253.npz
19_255,百,test,test/19_255.npz
19_270,者,train,train/19_270.npz
19_275,淡,train,train/19_275.npz
19_28,上,test,test/19_28.npz
19_287,曲,train,train/19_287.npz
19_29,柱,train,train/19_29.npz
19_292,雅,train,train/19_292.npz
19_316,兵,train,train/19_316.npz
19_32,公,train,train/19_32.npz
19_329,授,train,train/19_329.npz
19_330,合,train,train/19_330.npz
19_332,府,test,test/19_332.npz
19_339,累,train,train/19_339.npz
19_34,政,train,train/19_34.npz
19_341,郎,train,train/19_341.npz
19_347,除,train,train/19_347.npz
19_357,每,train,train/19_357.npz
19_360,必,train,train/19_360.npz
19_368,向,train,train/19_368.npz
19_370,通,train,train/19_370.npz
19_372,善,train,train/19_372.npz
19_377,尚,train,train/19_377.npz
19_387,太,train,train/19_387.npz
19_388,子,train,train/19_388.npz
19_389,太,train,train/19_389.npz
19_39,中,test,test/19_39.npz
19_395,出,train,train/19_395.npz
19_4,大,train,train/19_4.npz
19_40,大,train,train/19_40.npz
19_405,方,test,test/19_405.npz
19_408,下,train,train/19_408.npz
19_411,一,train,train/19_411.npz
19_42,守,train,train/19_42.npz
19_423,不,train,train/19_423.npz
19_432,口,train,train/19_432.npz
19_46,郎,train,train/19_46.npz
19_462,可,train,train/19_462.npz
19_466,方,train,train/19_466.npz
19_471,使,train,train/19_471.npz
19_485,兵,train,train/19_485.npz
19_489,家,train,train/19_489.npz
19_491,奔,train,train/19_491.npz
19_493,州,test,test/19_493.npz
19_51,士,train,train/19_51.npz
19_517,公,train,train/19_517.npz
19_520,州,train,train/19_520.npz
19_527,公,train,train/19_527.npz
19_536,既,train,train/19_536.npz
19_540,中,train,train/19_540.npz
19_56,海,train,train/19_56.npz
19_567,丹,train,train/19_567.npz
19_571,俗,train,train/19_571.npz
19_579,而,train,train/19_579.npz
19_580,地,train,train/19_580.npz
19_590,空,train,train/19_590.npz
19_612,其,test,test/19_612.npz
19_617,求,test,test/19_617.npz
19_621,居,train,train/19_621.npz
19_629,星,train,train/19_629.npz
19_662,者,test,test/19_662.npz
19_669,良,train,train/19_669.npz
19_673,人,test,test/19_673.npz
19_675,而,train,train/19_675.npz
19_70,理,train,train/19_70.npz
19_712,心,train,train/19_712.npz
19_72,生,train,train/19_72.npz
19_721,其,test,test/19_721.npz
19_722,身,train,train/19_722.npz
19_731,及,train,train/19_731.npz
19_747,而,test,test/19_747.npz
19_761,日,test,test/19_761.npz
19_764,也,train,train/19_764.npz
19_770,其,test,test/19_770.npz
19_772,界,train,train/19_772.npz
19_773,犬,train,train/19_773.npz
19_774,牙,train,train/19_774.npz
19_775,不,train,train/19_775.npz
19_777,非,train,train/19_777.npz
19_793,之,train,train/19_793.npz
19_806,人,train,train/19_806.npz
19_813,不,train,train/19_813.npz
19_817,朝,train,train/19_817.npz
19_82,然,train,train/19_82.npz
19_823,公,train,train/19_823.npz
19_827,方,train,train/19_827.npz
19_83,守,train,train/19_83.npz
19_845,一,test,test/19_845.npz
19_863,者,test,test/19_863.npz
19_865,其,train,train/19_865.npz
19_867,而,test,test/19_867.npz
19_869,其,test,test/19_869.npz
19_872,其,train,train/19_872.npz
19_892,出,test,test/19_892.npz
19_894,也,test,test/19_894.npz
19_90,更,train,train/19_90.npz
19_905,也,train,train/19_905.npz
19_911,是,train,train/19_911.npz
19_915,而,train,train/19_915.npz
19_919,百,train,train/19_919.npz
19_928,其,train,train/19_928.npz
19_929,行,train,train/19_929.npz
19_930,故,train,train/19_930.npz
19_931,自,test,test/19_931.npz
19_961,察,train,train/19_961.npz
19_968,出,train,train/19_968.npz
19_969,而,train,train/19_969.npz
19_970,周,train,train/19_970.npz
19_980,人,train,train/19_980.npz
19_981,之,train,train/19_981.npz
19_984,者,train,train/19_984.npz
19_987,人,train,train/19_987.npz
19_997,不,train,train/19_997.npz
1_1,天,train,train/1_1.npz
1_101,寺,test,test/1_101.npz
1_102,者,train,train/1_102.npz
1_106,四,train,train/1_106.npz
1_118,者,test,test/1_118.npz
1_122,左,train,train/1_122.npz
1_149,依,train,train/1_149.npz
1_152,光,train,train/1_152.npz
1_159,新,train,train/1_159.npz
1_174,太,train,train/1_174.npz
1_185,人,train,train/1_185.npz
1_192,入,train,train/1_192.npz
1_204,作,test,test/1_204.npz
1_207,而,train,train/1_207.npz
1_208,注,train,train/1_208.npz
1_213,前,train,train/1_213.npz
1_22,者,train,train/1_22.npz
1_238,供,train,train/1_238.npz
1_24,地,train,train/1_24.npz
1_249,布,train,train/1_249.npz
1_252,地,train,train/1_252.npz
1_260,江,train,train/1_260.npz
1_277,心,train,train/1_277.npz
1_285,住,train,train/1_285.npz
1_289,大,train,train/1_289.npz
1_293,上,train,train/1_293.npz
1_3,道,train,train/1_3.npz
1_300,克,train,train/1_300.npz
1_303,生,train,train/1_303.npz
1_309,尚,train,train/1_309.npz
1_321,右,train,train/1_321.npz
1_336,相,train,train/1_336.npz
1_344,冶,train,train/1_344.npz
1_354,石,train,train/1_354.npz
1_361,宇,test,test/1_361.npz
1_367,以,train,train/1_367.npz
1_4,也,train,train/1_4.npz
1_400,二,train,train/1_400.npz
1_401,年,train,train/1_401.npz
1_414,家,train,train/1_414.npz
1_437,法,train,train/1_437.npz
1_441,言,train,train/1_441.npz
1_461,侍,test,test/1_461.npz
1_464,南,test,test/1_464.npz
1_510,火,train,train/1_510.npz
1_516,堂,train,train/1_516.npz
1_521,四,train,train/1_521.npz
1_524,而,train,train/1_524.npz
1_539,者,test,test/1_539.npz
1_553,油,train,train/1_553.npz
1_554,有,train,train/1_554.npz
1_561,管,train,train/1_561.npz
1_60,堂,train,train/1_60.npz
1_622,四,train,train/1_622.npz
1_624,清,test,test/1_624.npz
1_627,因,test,test/1_627.npz
1_628,因,train,train/1_628.npz
1_636,而,train,train/1_636.npz
1_662,台,train,train/1_662.npz
1_681,一,train,train/1_681.npz
1_686,之,test,test/1_686.npz
1_688,一,train,train/1_688.npz
1_689,音,train,train/1_689.npz
1_693,之,train,train/1_693.npz
1_695,方,train,train/1_695.npz
1_7,而,train,train/1_7.npz
1_700,悔,train,train/1_700.npz
1_737,道,test,test/1_737.npz
1_738,有,train,train/1_738.npz
1_747,也,train,train/1_747.npz
1_763,不,train,train/1_763.npz
1_783,而,test,test/1_783.npz
1_798,海,train,train/1_798.npz
1_8,首,train,train/1_8.npz
1_825,牧,train,train/1_825.npz
1_828,止,train,train/1_828.npz
1_85,俗,train,train/1_85.npz
1_858,演,train,train/1_858.npz
1_866,而,train,train/1_866.npz
1_870,一,train,train/1_870.npz
1_90,地,train,train/1_90.npz
1_932,孝,train,train/1_932.npz
1_941,幢,train,train/1_941.npz
1_964,二,train,train/1_964.npz
20_115,一,train,train/20_115.npz
20_118,里,train,train/20_118.npz
20_120,人,test,test/20_120.npz
20_122,不,train,train/20_122.npz
20_14,仙,test,test/20_14.npz
20_147,自,train,train/20_147.npz
20_152,合,train,train/20_152.npz
20_158,中,train,train/20_158.npz
20_171,言,train,train/20_171.npz
20_189,道,train,train/20_189.npz
20_190,士,train,train/20_190.npz
20_200,果,test,test/20_200.npz
20_208,南,train,train/20_208.npz
20_209,山,train,train/20_209.npz
20_21,奏,train,train/20_21.npz
20_225,大,test,test/20_225.npz
20_233,中,train,train/20_233.npz
20_237,伏,train,train/20_237.npz
20_24,承,train,train/20_24.npz
20_274,生,train,train/20_274.npz
20_280,容,train,train/20_280.npz
20_289,南,train,train/20_289.npz
20_290,果,train,train/20_290.npz
20_294,且,train,train/20_294.npz
20_297,宫,train,train/20_297.npz
20_298,者,train,train/20_298.npz
20_309,而,train,train/20_309.npz
20_314,名,test,test/20_314.npz
20_315,而,train,train/20_315.npz
20_323,府,train,train/20_323.npz
20_331,之,train,train/20_331.npz
20_334,大,train,train/20_334.npz
20_34,自,test,test/20_34.npz
20_346,是,train,train/20_346.npz
20_350,至,train,train/20_350.npz
20_356,之,train,train/20_356.npz
20_359,万,train,train/20_359.npz
20_374,臣,train,train/20_374.npz
20_376,昨,train,train/20_376.npz
20_377,日,train,train/20_377.npz
20_386,自,test,test/20_386.npz
20_390,名,train,train/20_390.npz
20_400,未,train,train/20_400.npz
20_401,之,test,test/20_401.npz
20_402,有,test,test/20_402.npz
20_404,臣,train,train/20_404.npz
20_421,宣,train,train/20_421.npz
20_431,者,train,train/20_431.npz
20_439,容,train,train/20_439.npz
20_440,果,train,train/20_440.npz
20_449,而,train,train/20_449.npz
20_450,大,train,train/20_450.npz
20_454,再,train,train/20_454.npz
20_458,言,test,test/20_458.npz
20_464,福,train,train/20_464.npz
20_468,弥,train,train/20_468.npz
20_469,告,train,train/20_469.npz
20_470,以,train,train/20_470.npz
20_480,大,train,train/20_480.npz
20_496,育,train,train/20_496.npz
20_501,神,train,train/20_501.npz
20_506,臣,train,train/20_506.npz
20_513,者,train,train/20_513.npz
20_514,依,train,train/20_514.npz
20_517,九,train,train/20_517.npz
20_520,四,train,train/20_520.npz
20_521,月,train,train/20_521.npz
20_523,一,train,train/20_523.npz
20_528,右,train,train/20_528.npz
20_542,一,train,train/20_542.npz
20_543,日,test,test/20_543.npz
20_545,中,train,train/20_545.npz
20_551,宣,train,train/20_551.npz
20_555,者,train,train/20_555.npz
20_572,臣,train,train/20_572.npz
20_582,百,train,train/20_582.npz
20_586,一,test,test/20_586.npz
20_587,日,train,train/20_587.npz
20_590,人,test,test/20_590.npz
20_598,之,test,test/20_598.npz
20_60,生,train,train/20_60.npz
20_602,八,train,train/20_602.npz
20_603,百,train,train/20_603.npz
20_605,玄,test,test/20_605.npz
20_606,元,train,train/20_606.npz
20_607,皇,test,test/20_607.npz
20_611,之,train,train/20_611.npz
20_612,代,train,train/20_612.npz
20_628,下,train,train/20_628.npz
20_64,昨,train,train/20_64.npz
20_641,昌,test,test/20_641.npz
20_644,符,train,train/20_644.npz
20_645,同,train,train/20_645.npz
20_647,者,test,test/20_647.npz
20_648,久,test,test/20_648.npz
20_655,而,train,train/20_655.npz
20_661,何,train,train/20_661.npz
20_665,神,train,train/20_665.npz
20_666,休,train,train/20_666.npz
20_671,臣,test,test/20_671.npz
20_676,以,train,train/20_676.npz
20_677,上,test,test/20_677.npz
20_688,言,train,train/20_688.npz
20_703,如,train,train/20_703.npz
20_705,臣,test,test/20_705.npz
20_92,一,train,train/20_92.npz
21_15,表,train,train/21_15.npz
22_10,皇,train,train/22_10.npz
22_1004,而,train,train/22_1004.npz
22_1022,二,train,train/22_1022.npz
22_1044,而,test,test/22_1044.npz
22_1049,春,train,train/22_1049.npz
22_1052,天,test,test/22_1052.npz
22_1088,之,train,train/22_1088.npz
22_1094,金,train,train/22_1094.npz
22_1099,之,train,train/22_1099.npz
22_1106,水,test,test/22_1106.npz
22_1108,神,test,test/22_1108.npz
22_1110,之,train,train/22_1110.npz
22_112,不,train,train/22_112.npz
22_1120,之,test,test/22_1120.npz
22_114,形,train,train/22_114.npz
22_1142,而,train,train/22_1142.npz
22_1150,夜,train,train/22_1150.npz
22_1154,之,test,test/22_1154.npz
22_1155,光,train,train/22_1155.npz
22_1156,火,test,test/22_1156.npz
22_1157,宅,train,train/22_1157.npz
22_1158,之,test,test/22_1158.npz
22_1163,之,train,train/22_1163.npz
22_118,在,train,train/22_118.npz
22_1187,其,train,train/22_1187.npz
22_1198,玄,train,train/22_1198.npz
22_1202,者,train,train/22_1202.npz
22_1206,令,train,train/22_1206.npz
22_1215,之,train,train/22_1215.npz
22_1221,之,train,train/22_1221.npz
22_1233,三,train,train/22_1233.npz
22_1237,十,train,train/22_1237.npz
22_1240,六,test,test/22_1240.npz
22_1242,之,train,train/22_1242.npz
22_1249,一,train,train/22_1249.npz
22_1256,中,test,test/22_1256.npz
22_1258,之,train,train/22_1258.npz
22_1262,印,train,train/22_1262.npz
22_1264,之,test,test/22_1264.npz
22_1266,文,train,train/22_1266.npz
22_1279,更,test,test/22_1279.npz
22_1282,珠,train,train/22_1282.npz
22_1287,十,train,train/22_1287.npz
22_1289,七,train,train/22_1289.npz
22_1302,十,train,train/22_1302.npz
22_1307,六,train,train/22_1307.npz
22_1309,奉,train,train/22_1309.npz
22_1322,六,train,train/22_1322.npz
22_1325,十,train,train/22_1325.npz
22_1326,七,test,test/22_1326.npz
22_1329,大,test,test/22_1329.npz
22_1338,不,train,train/22_1338.npz
22_1343,之,train,train/22_1343.npz
22_1354,久,train,train/22_1354.npz
22_1370,之,train,train/22_1370.npz
22_138,十,test,test/22_138.npz
22_1380,固,test,test/22_1380.npz
22_1395,金,test,test/22_1395.npz
22_1396,石,train,train/22_1396.npz
22_1397,之,train,train/22_1397.npz
22_1399,文,train,train/22_1399.npz
22_1403,之,test,test/22_1403.npz
22_1411,岳,train,train/22_1411.npz
22_1416,大,test,test/22_1416.npz
22_1428,不,train,train/22_1428.npz
22_1436,未,train,train/22_1436.npz
22_1444,拙,train,train/22_1444.npz
22_145,上,test,test/22_145.npz
22_1459,交,train,train/22_1459.npz
22_1472,二,train,train/22_1472.npz
22_148,力,train,train/22_148.npz
22_1486,门,train,train/22_1486.npz
22_1487,玄,train,train/22_1487.npz
22_149,而,train,train/22_149.npz
22_1493,自,train,train/22_1493.npz
22_1494,在,test,test/22_1494.npz
22_15,寺,train,train/22_15.npz
22_1508,五,train,train/22_1508.npz
22_1513,一,test,test/22_1513.npz
22_152,大,test,test/22_152.npz
22_1529,空,test,test/22_1529.npz
22_153,之,train,train/22_153.npz
22_1551,不,train,train/22_1551.npz
22_1553,不,train,train/22_1553.npz
22_1554,垢,train,train/22_1554.npz
22_1555,不,train,train/22_1555.npz
22_1559,不,train,train/22_1559.npz
22_1564,中,test,test/22_1564.npz
22_1575,舌,train,train/22_1575.npz
22_1584,法,train,train/22_1584.npz
22_1588,乃,train,train/22_1588.npz
22_160,之,train,train/22_160.npz
22_1605,死,train,train/22_1605.npz
22_1630,依,test,test/22_1630.npz
22_1647,有,train,train/22_1647.npz
22_1656,究,train,train/22_1656.npz
22_1660,三,train,train/22_1660.npz
22_1677,三,train,train/22_1677.npz
22_1679,三,test,test/22_1679.npz
22_1690,大,train,train/22_1690.npz
22_1694,大,train,train/22_1694.npz
22_1708,一,train,train/22_1708.npz
22_1713,不,train,train/22_1713.npz
22_173,而,test,test/22_173.npz
22_174,不,train,train/22_174.npz
22_1761,志,test,test/22_1761.npz
22_1774,部,train,train/22_1774.npz
22_183,而,train,train/22_183.npz
22_19,仁,train,train/22_19.npz
22_2,三,train,train/22_2.npz
22_201,之,train,train/22_201.npz
22_217,其,train,train/22_217.npz
22_223,者,test,test/22_223.npz
22_227,大,test,test/22_227.npz
22_229,之,train,train/22_229.npz
22_232,乎,train,train/22_232.npz
22_244,而,train,train/22_244.npz
22_248,者,train,train/22_248.npz
22_25,王,train,train/22_25.npz
22_268,仰,train,train/22_268.npz
22_27,之,train,train/22_27.npz
22_273,及,train,train/22_273.npz
22_289,三,train,train/22_289.npz
22_290,千,test,test/22_290.npz
22_291,之,train,train/22_291.npz
22_292,光,train,train/22_292.npz
22_301,之,train,train/22_301.npz
22_31,二,train,train/22_31.npz
22_320,十,train,train/22_320.npz
22_323,而,train,train/22_323.npz
22_330,一,train,train/22_330.npz
22_334,曲,train,train/22_334.npz
22_351,而,test,test/22_351.npz
22_355,小,train,train/22_355.npz
22_356,之,train,train/22_356.npz
22_361,而,train,train/22_361.npz
22_372,之,train,train/22_372.npz
22_382,三,train,train/22_382.npz
22_383,空,train,train/22_383.npz
22_389,四,train,train/22_389.npz
22_392,行,test,test/22_392.npz
22_396,月,test,test/22_396.npz
22_397,未,train,train/22_397.npz
22_409,方,train,train/22_409.npz
22_41,四,train,train/22_41.npz
22_418,累,test,test/22_418.npz
22_430,千,test,test/22_430.npz
22_431,古,train,train/22_431.npz
22_432,而,train,train/22_432.npz
22_451,文,train,train/22_451.npz
22_452,之,train,train/22_452.npz
22_455,思,train,train/22_455.npz
22_46,寒,train,train/22_46.npz
22_463,前,train,train/22_463.npz
22_497,失,train,train/22_497.npz
22_498,地,test,test/22_498.npz
22_514,而,train,train/22_514.npz
22_519,寒,train,train/22_519.npz
22_524,而,train,train/22_524.npz
22_525,前,train,train/22_525.npz
22_538,宇,train,train/22_538.npz
22_539,十,train,train/22_539.npz
22_54,天,train,train/22_54.npz
22_540,有,train,train/22_540.npz
22_541,七,test,test/22_541.npz
22_546,邦,train,train/22_546.npz
22_554,水,train,train/22_554.npz
22_555,味,train,train/22_555.npz
22_586,一,train,train/22_586.npz
22_588,五,train,train/22_588.npz
22_595,田,train,train/22_595.npz
22_598,三,train,train/22_598.npz
22_611,之,train,train/22_611.npz
22_615,三,test,test/22_615.npz
22_622,五,test,test/22_622.npz
22_623,十,test,test/22_623.npz
22_625,部,train,train/22_625.npz
22_641,雨,train,train/22_641.npz
22_654,而,test,test/22_654.npz
22_658,火,train,train/22_658.npz
22_659,宅,test,test/22_659.npz
22_660,之,train,train/22_660.npz
22_691,人,train,train/22_691.npz
22_7,太,train,train/22_7.npz
22_704,其,train,train/22_704.npz
22_710,不,train,train/22_710.npz
22_723,由,train,train/22_723.npz
22_726,者,train,train/22_726.npz
22_729,物,train,train/22_729.npz
22_730,不,train,train/22_730.npz
22_74,而,test,test/22_74.npz
22_742,沾,train,train/22_742.npz
22_75,天,train,train/22_75.npz
22_765,方,train,train/22_765.npz
22_786,大,train,train/22_786.npz
22_799,典,train,train/22_799.npz
22_8,宗,train,train/22_8.npz
22_802,未,train,train/22_802.npz
22_81,而,train,train/22_81.npz
22_817,金,train,train/22_817.npz
22_84,者,train,train/22_84.npz
22_851,在,train,train/22_851.npz
22_852,春,train,train/22_852.npz
22_855,三,train,train/22_855.npz
22_870,文,train,train/22_870.npz
22_880,其,train,train/22_880.npz
22_889,之,train,train/22_889.npz
22_89,也,test,test/22_89.npz
22_890,玄,train,train/22_890.npz
22_891,宗,train,train/22_891.npz
22_894,之,train,train/22_894.npz
22_897,也,train,train/22_897.npz
22_899,括,train,train/22_899.npz
22_900,宏,train,train/22_900.npz
22_909,之,train,train/22_909.npz
22_915,之,train,train/22_915.npz
22_925,不,test,test/22_925.npz
22_927,其,train,train/22_927.npz
22_935,者,train,train/22_935.npz
22_938,其,test,test/22_938.npz
22_949,不,test,test/22_949.npz
22_952,化,train,train/22_952.npz
22_958,而,train,train/22_958.npz
22_959,不,test,test/22_959.npz
22_964,之,train,train/22_964.npz
22_968,六,train,train/22_968.npz
22_974,之,train,train/22_974.npz
22_980,之,train,train/22_980.npz
22_988,而,train,train/22_988.npz
22_99,者,train,train/22_99.npz
23_12,右,test,test/23_12.npz
23_218,冬,train,train/23_218.npz
23_237,三,train,train/23_237.npz
23_278,敢,train,train/23_278.npz
23_345,奏,train,train/23_345.npz
23_379,卷,train,train/23_379.npz
23_496,春,train,train/23_496.npz
23_520,殊,train,train/23_520.npz
23_657,有,train,train/23_657.npz
23_673,其,train,train/23_673.npz
23_723,居,test,test/23_723.npz
2_106,其,train,train/2_106.npz
2_108,子,test,test/2_108.npz
2_109,仲,train,train/2_109.npz
2_118,伯,train,train/2_118.npz
2_138,州,train,train/2_138.npz
2_169,好,train,train/2_169.npz
2_191,直,train,train/2_191.npz
2_197,益,train,train/2_197.npz
2_203,非,test,test/2_203.npz
2_219,化,train,train/2_219.npz
2_223,子,train,train/2_223.npz
2_228,相,train,train/2_228.npz
2_233,而,train,train/2_233.npz
2_237,有,test,test/2_237.npz
2_238,四,test,test/2_238.npz
2_246,行,train,train/2_246.npz
2_261,除,test,test/2_261.npz
2_263,州,test,test/2_263.npz
2_264,司,train,train/2_264.npz
2_292,知,train,train/2_292.npz
2_301,安,test,test/2_301.npz
2_330,和,train,train/2_330.npz
2_334,仁,train,train/2_334.npz
2_336,及,test,test/2_336.npz
2_343,木,train,train/2_343.npz
2_352,名,train,train/2_352.npz
2_360,子,train,train/2_360.npz
2_372,者,train,train/2_372.npz
2_378,太,train,train/2_378.npz
2_39,秀,train,train/2_39.npz
2_400,彤,train,train/2_400.npz
2_428,之,train,train/2_428.npz
2_43,名,train,train/2_43.npz
2_46,冲,train,train/2_46.npz
2_47,用,train,train/2_47.npz
2_482,白,train,train/2_482.npz
2_51,必,train,train/2_51.npz
2_53,久,train,train/2_53.npz
2_536,崇,test,test/2_536.npz
2_546,屈,train,train/2_546.npz
2_570,文,train,train/2_570.npz
2_59,之,train,train/2_59.npz
2_607,一,train,train/2_607.npz
2_611,一,test,test/2_611.npz
2_613,一,test,test/2_613.npz
2_619,子,train,train/2_619.npz
2_635,上,train,train/2_635.npz
2_636,又,test,test/2_636.npz
2_641,大,train,train/2_641.npz
2_644,且,train,train/2_644.npz
2_65,中,train,train/2_65.npz
2_654,昌,train,train/2_654.npz
2_665,也,train,train/2_665.npz
2_704,月,train,train/2_704.npz
2_705,有,train,train/2_705.npz
2_710,疾,train,train/2_710.npz
2_731,百,train,train/2_731.npz
2_733,匹,train,train/2_733.npz
2_734,米,train,train/2_734.npz
2_74,其,test,test/2_74.npz
2_75,代,train,train/2_75.npz
2_760,八,train,train/2_760.npz
2_761,日,train,train/2_761.npz
2_762,合,train,train/2_762.npz
2_783,和,test,test/2_783.npz
2_799,父,test,test/2_799.npz
2_80,其,train,train/2_80.npz
2_803,加,train,train/2_803.npz
2_804,人,train,train/2_804.npz
2_809,公,train,train/2_809.npz
2_82,者,train,train/2_82.npz
2_821,名,train,train/2_821.npz
2_822,用,train,train/2_822.npz
2_833,天,test,test/2_833.npz
2_85,我,train,train/2_85.npz
2_852,工,train,train/2_852.npz
2_856,地,train,train/2_856.npz
2_869,湖,train,train/2_869.npz
2_881,三,train,train/2_881.npz
2_882,思,train,train/2_882.npz
4_1,故,test,test/4_1.npz
4_102,有,train,train/4_102.npz
4_103,司,test,test/4_103.npz
4_104,中,train,train/4_104.npz
4_105,使,test,test/4_105.npz
4_106,内,train,train/4_106.npz
4_107,常,train,train/4_107.npz
4_108,侍,train,train/4_108.npz
4_11,并,train,train/4_11.npz
4_111,意,train,train/4_111.npz
4_112,遣,train,train/4_112.npz
4_114,于,train,train/4_114.npz
4_115,郊,train,train/4_115.npz
4_122,丧,train,train/4_122.npz
4_13,朝,train,train/4_13.npz
4_140,宛,train,train/4_140.npz
4_141,而,test,test/4_141.npz
4_148,年,train,train/4_148.npz
4_150,之,train,train/4_150.npz
4_152,原,train,train/4_152.npz
4_156,也,train,train/4_156.npz
4_157,夫,train,train/4_157.npz
4_158,人,train,train/4_158.npz
4_161,之,train,train/4_161.npz
4_163,保,train,train/4_163.npz
4_167,彤,train,train/4_167.npz
4_169,之,train,train/4_169.npz
4_170,美,train,train/4_170.npz
4_174,而,train,train/4_174.npz
4_176,详,train,train/4_176.npz
4_178,命,train,train/4_178.npz
4_179,史,test,test/4_179.npz
4_184,石,train,train/4_184.npz
4_20,著,train,train/4_20.npz
4_205,其,train,train/4_205.npz
4_209,其,train,train/4_209.npz
4_21,作,train,train/4_21.npz
4_211,金,train,train/4_211.npz
4_212,闺,train,train/4_212.npz
4_215,石,train,train/4_215.npz
4_226,凶,train,train/4_226.npz
4_227,千,train,train/4_227.npz
4_228,秋,train,train/4_228.npz
4_26,奉,train,train/4_26.npz
4_29,朝,test,test/4_29.npz
4_38,史,train,train/4_38.npz
4_4,夫,train,train/4_4.npz
4_40,林,train,train/4_40.npz
4_45,金,test,test/4_45.npz
4_46,鱼,train,train/4_46.npz
4_5,人,train,train/4_5.npz
4_55,维,train,train/4_55.npz
4_56,二,test,test/4_56.npz
4_57,年,test,test/4_57.npz
4_6,王,test,test/4_6.npz
4_60,月,train,train/4_60.npz
4_64,五,train,train/4_64.npz
4_65,日,test,test/4_65.npz
4_68,故,train,train/4_68.npz
4_7,氏,test,test/4_7.npz
4_71,夫,train,train/4_71.npz
4_73,王,train,train/4_73.npz
4_74,氏,train,train/4_74.npz
4_77,天,train,train/4_77.npz
4_81,子,train,train/4_81.npz
4_82,月,train,train/4_82.npz
4_84,日,train,train/4_84.npz
4_85,乙,train,train/4_85.npz
4_89,思,train,train/4_89.npz
4_90,保,train,train/4_90.npz
4_91,母,test,test/4_91.npz
4_92,之,train,train/4_92.npz
5_0,大,test,test/5_0.npz
5_1,唐,test,test/5_1.npz
5_1001,主,train,train/5_1001.npz
5_1005,年,train,train/5_1005.npz
5_101,居,train,train/5_101.npz
5_1013,九,train,train/5_1013.npz
5_1015,之,train,train/5_1015.npz
5_102,中,train,train/5_102.npz
5_1024,之,test,test/5_1024.npz
5_103,古,test,test/5_103.npz
5_1030,知,train,train/5_1030.npz
5_1040,尤,train,train/5_1040.npz
5_1055,良,train,train/5_1055.npz
5_1063,初,train,train/5_1063.npz
5_1068,安,train,train/5_1068.npz
5_1070,巫,train,train/5_1070.npz
5_1074,不,train,train/5_1074.npz
5_1075,知,test,test/5_1075.npz
5_1095,地,train,train/5_1095.npz
5_1097,二,train,train/5_1097.npz
5_1099,下,test,test/5_1099.npz
5_110,者,train,train/5_110.npz
5_1100,席,train,train/5_1100.npz
5_1103,泣,train,train/5_1103.npz
5_1105,勺,train,train/5_1105.npz
5_1107,不,train,train/5_1107.npz
5_1108,入,train,train/5_1108.npz
5_1109,口,train,train/5_1109.npz
5_1110,惜,train,train/5_1110.npz
5_1115,及,train,train/5_1115.npz
5_1122,其,train,train/5_1122.npz
5_1123,八,test,test/5_1123.npz
5_1125,八,train,train/5_1125.npz
5_113,至,test,test/5_113.npz
5_1130,州,train,train/5_1130.npz
5_1133,寺,train,train/5_1133.npz
5_1135,年,test,test/5_1135.npz
5_1136,七,train,train/5_1136.npz
5_1137,十,test,test/5_1137.npz
5_1138,三,train,train/5_1138.npz
5_1141,至,train,train/5_1141.npz
5_1149,同,train,train/5_1149.npz
5_115,排,train,train/5_115.npz
5_1151,司,train,train/5_1151.npz
5_1157,仍,train,train/5_1157.npz
5_116,金,train,train/5_116.npz
5_1163,王,train,train/5_1163.npz
5_1164,命,train,train/5_1164.npz
5_1166,之,train,train/5_1166.npz
5_1168,公,test,test/5_1168.npz
5_1172,二,train,train/5_1172.npz
5_1173,年,test,test/5_1173.npz
5_118,上,train,train/5_118.npz
5_1184,氏,train,train/5_1184.npz
5_1187,公,train,train/5_1187.npz
5_1189,天,train,train/5_1189.npz
5_1195,夫,train,train/5_1195.npz
5_121,出,test,test/5_121.npz
5_1210,子,train,train/5_1210.npz
5_1217,作,train,train/5_1217.npz
5_1218,少,train,train/5_1218.npz
5_1220,上,test,test/5_1220.npz
5_1228,公,train,train/5_1228.npz
5_1232,子,train,train/5_1232.npz
5_1242,才,train,train/5_1242.npz
5_1252,表,train,train/5_1252.npz
5_1264,封,train,train/5_1264.npz
5_1267,上,train,train/5_1267.npz
5_127,子,train,train/5_127.npz
5_1270,王,train,train/5_1270.npz
5_1273,史,train,train/5_1273.npz
5_1279,子,test,test/5_1279.npz
5_1286,永,train,train/5_1286.npz
5_129,光,train,train/5_129.npz
5_1291,奉,test,test/5_1291.npz
5_1299,天,train,train/5_1299.npz
5_13,上,train,train/5_13.npz
5_130,周,train,train/5_130.npz
5_1303,用,test,test/5_1303.npz
5_1304,刊,train,train/5_1304.npz
5_1307,之,test,test/5_1307.npz
5_1319,之,train,train/5_1319.npz
5_1322,大,train,train/5_1322.npz
5_1330,公,train,train/5_1330.npz
5_1331,君,train,train/5_1331.npz
5_1333,九,train,train/5_1333.npz
5_1351,崇,train,train/5_1351.npz
5_1358,同,test,test/5_1358.npz
5_1359,五,train,train/5_1359.npz
5_136,必,train,train/5_136.npz
5_1360,十,train,train/5_1360.npz
5_1361,年,train,train/5_1361.npz
5_137,可,test,test/5_137.npz
5_1389,仙,train,train/5_1389.npz
5_139,大,train,train/5_139.npz
5_1396,山,train,train/5_1396.npz
5_14,柱,test,test/5_14.npz
5_1400,中,train,train/5_1400.npz
5_1401,君,train,train/5_1401.npz
5_143,入,train,train/5_143.npz
5_146,折,train,train/5_146.npz
5_148,合,train,train/5_148.npz
5_151,而,train,train/5_151.npz
5_152,不,train,train/5_152.npz
5_155,而,train,train/5_155.npz
5_163,而,train,train/5_163.npz
5_164,不,train,train/5_164.npz
5_169,中,train,train/5_169.npz
5_173,外,train,train/5_173.npz
5_175,元,train,train/5_175.npz
5_18,公,train,train/5_18.npz
5_184,公,test,test/5_184.npz
5_186,姓,train,train/5_186.npz
5_188,初,train,train/5_188.npz
5_190,元,test,test/5_190.npz
5_191,一,test,test/5_191.npz
5_193,天,train,train/5_193.npz
5_197,姓,train,train/5_197.npz
5_199,改,train,train/5_199.npz
5_201,力,train,train/5_201.npz
5_202,士,train,train/5_202.npz
5_208,人,train,train/5_208.npz
5_209,也,train,train/5_209.npz
5_22,大,train,train/5_22.npz
5_222,遂,train,train/5_222.npz
5_225,家,test,test/5_225.npz
5_229,皇,train,train/5_229.npz
5_23,都,train,train/5_23.npz
5_230,唐,train,train/5_230.npz
5_238,公,train,train/5_238.npz
5_243,八,train,train/5_243.npz
5_244,州,train,train/5_244.npz
5_246,管,train,train/5_246.npz
5_250,大,train,train/5_250.npz
5_255,特,train,train/5_255.npz
5_26,公,train,train/5_26.npz
5_260,雄,train,train/5_260.npz
5_267,千,train,train/5_267.npz
5_268,里,test,test/5_268.npz
5_270,三,test,test/5_270.npz
5_273,智,train,train/5_273.npz
5_275,智,train,train/5_275.npz
5_279,耿,train,train/5_279.npz
5_281,知,train,train/5_281.npz
5_290,廷,train,train/5_290.npz
5_302,州,train,train/5_302.npz
5_304,史,test,test/5_304.npz
5_308,州,train,train/5_308.npz
5_315,州,train,train/5_315.npz
5_317,君,test,test/5_317.npz
5_32,尚,test,test/5_32.npz
5_320,舍,test,test/5_320.npz
5_322,君,train,train/5_322.npz
5_326,位,test,test/5_326.npz
5_330,子,train,train/5_330.npz
5_333,州,train,train/5_333.npz
5_335,事,train,train/5_335.npz
5_337,持,train,train/5_337.npz
5_346,使,train,train/5_346.npz
5_347,摧,train,train/5_347.npz
5_361,上,train,train/5_361.npz
5_363,帝,train,train/5_363.npz
5_367,家,train,train/5_367.npz
5_368,遂,train,train/5_368.npz
5_371,及,train,train/5_371.npz
5_372,公,train,train/5_372.npz
5_379,州,train,train/5_379.npz
5_380,大,train,train/5_380.npz
5_386,州,test,test/5_386.npz
5_388,少,train,train/5_388.npz
5_390,也,test,test/5_390.npz
5_393,十,train,train/5_393.npz
5_400,后,train,train/5_400.npz
5_405,之,train,train/5_405.npz
5_408,女,train,train/5_408.npz
5_414,公,train,train/5_414.npz
5_416,之,train,train/5_416.npz
5_421,羽,train,train/5_421.npz
5_429,翰,train,train/5_429.npz
5_43,炎,train,train/5_43.npz
5_433,日,train,train/5_433.npz
5_437,不,train,train/5_437.npz
5_439,必,train,train/5_439.npz
5_44,奉,train,train/5_44.npz
5_440,也,train,train/5_440.npz
5_443,五,train,train/5_443.npz
5_447,百,train,train/5_447.npz
5_454,力,train,train/5_454.npz
5_458,自,train,train/5_458.npz
5_459,文,train,train/5_459.npz
5_47,太,train,train/5_47.npz
5_470,至,train,train/5_470.npz
5_473,公,train,train/5_473.npz
5_477,凶,test,test/5_477.npz
5_478,弱,train,train/5_478.npz
5_48,中,train,train/5_48.npz
5_484,存,train,train/5_484.npz
5_489,三,train,train/5_489.npz
5_49,大,train,train/5_49.npz
5_490,州,train,train/5_490.npz
5_492,天,train,train/5_492.npz
5_50,夫,test,test/5_50.npz
5_503,侍,train,train/5_503.npz
5_505,延,train,train/5_505.npz
5_508,由,train,train/5_508.npz
5_513,氏,train,train/5_513.npz
5_515,命,test,test/5_515.npz
5_516,天,train,train/5_516.npz
5_517,也,train,train/5_517.npz
5_518,天,train,train/5_518.npz
5_522,子,test,test/5_522.npz
5_527,之,test,test/5_527.npz
5_537,自,train,train/5_537.npz
5_538,真,test,test/5_538.npz
5_539,宰,train,train/5_539.npz
5_542,主,test,test/5_542.npz
5_545,和,train,train/5_545.npz
5_56,林,train,train/5_56.npz
5_560,大,train,train/5_560.npz
5_570,登,train,train/5_570.npz
5_571,天,train,train/5_571.npz
5_574,未,train,train/5_574.npz
5_582,附,train,train/5_582.npz
5_584,公,test,test/5_584.npz
5_592,遂,train,train/5_592.npz
5_598,特,train,train/5_598.npz
5_6,同,train,train/5_6.npz
5_60,少,test,test/5_60.npz
5_600,朝,train,train/5_600.npz
5_602,大,train,train/5_602.npz
5_603,夫,train,train/5_603.npz
5_617,侍,train,train/5_617.npz
5_619,三,test,test/5_619.npz
5_62,奉,train,train/5_62.npz
5_628,右,train,train/5_628.npz
5_640,心,test,test/5_640.npz
5_647,乞,train,train/5_647.npz
5_652,父,train,train/5_652.npz
5_654,班,train,train/5_654.npz
5_658,之,train,train/5_658.npz
5_66,君,test,test/5_66.npz
5_661,名,train,train/5_661.npz
5_669,公,train,train/5_669.npz
5_671,加,train,train/5_671.npz
5_676,大,train,train/5_676.npz
5_678,又,train,train/5_678.npz
5_688,更,train,train/5_688.npz
5_695,左,train,train/5_695.npz
5_699,大,train,train/5_699.npz
5_7,三,train,train/5_7.npz
5_70,言,train,train/5_70.npz
5_702,申,train,train/5_702.npz
5_705,也,train,train/5_705.npz
5_713,使,test,test/5_713.npz
5_719,太,test,test/5_719.npz
5_720,夫,train,train/5_720.npz
5_721,人,train,train/5_721.npz
5_722,在,train,train/5_722.npz
5_724,夫,train,train/5_724.npz
5_728,宿,train,train/5_728.npz
5_731,公,train,train/5_731.npz
5_745,泉,train,train/5_745.npz
5_749,之,train,train/5_749.npz
5_755,子,train,train/5_755.npz
5_759,均,train,train/5_759.npz
5_767,海,train,train/5_767.npz
5_768,炎,train,train/5_768.npz
5_769,山,train,train/5_769.npz
5_770,不,test,test/5_770.npz
5_774,板,train,train/5_774.npz
5_781,堂,train,train/5_781.npz
5_797,行,train,train/5_797.npz
5_798,而,test,test/5_798.npz
5_799,至,train,train/5_799.npz
5_8,司,train,train/5_8.npz
5_803,之,train,train/5_803.npz
5_81,忠,train,train/5_81.npz
5_814,丁,train,train/5_814.npz
5_822,日,train,train/5_822.npz
5_828,夫,test,test/5_828.npz
5_829,人,train,train/5_829.npz
5_830,有,train,train/5_830.npz
5_839,累,train,train/5_839.npz
5_85,不,train,train/5_85.npz
5_850,大,train,train/5_850.npz
5_859,侍,train,train/5_859.npz
5_862,自,train,train/5_862.npz
5_863,公,train,train/5_863.npz
5_866,王,train,train/5_866.npz
5_868,之,train,train/5_868.npz
5_876,一,train,train/5_876.npz
5_878,玉,test,test/5_878.npz
5_879,石,train,train/5_879.npz
5_88,必,train,train/5_88.npz
5_890,行,test,test/5_890.npz
5_897,功,train,train/5_897.npz
5_899,生,train,train/5_899.npz
5_90,非,train,train/5_90.npz
5_902,上,train,train/5_902.npz
5_908,人,train,train/5_908.npz
5_911,酷,train,train/5_911.npz
5_914,公,train,train/5_914.npz
5_915,一,train,train/5_915.npz
5_916,言,train,train/5_916.npz
5_919,胡,train,train/5_919.npz
5_923,天,train,train/5_923.npz
5_924,王,train,train/5_924.npz
5_933,扶,train,train/5_933.npz
5_94,上,train,train/5_94.npz
5_943,公,train,train/5_943.npz
5_954,司,train,train/5_954.npz
5_955,封,train,train/5_955.npz
5_959,食,train,train/5_959.npz
5_96,又,train,train/5_96.npz
5_961,三,train,train/5_961.npz
5_962,千,train,train/5_962.npz
5_964,文,test,test/5_964.npz
5_974,奉,train,train/5_974.npz
5_978,太,train,train/5_978.npz
5_981,居,test,test/5_981.npz
5_988,行,train,train/5_988.npz
5_994,三,train,train/5_994.npz
5_995,百,test,test/5_995.npz
5_997,公,test,test/5_997.npz
5_998,左,test,test/5_998.npz
5_999,右,train,train/5_999.npz
6_101,光,train,train/6_101.npz
6_108,父,train,train/6_108.npz
6_110,才,train,train/6_110.npz
6_111,随,train,train/6_111.npz
6_114,司,train,train/6_114.npz
6_116,唐,train,train/6_116.npz
6_124,又,train,train/6_124.npz
6_135,天,train,train/6_135.npz
6_136,池,train,train/6_136.npz
6_139,丹,train,train/6_139.npz
6_142,毛,train,train/6_142.npz
6_148,山,train,train/6_148.npz
6_154,水,train,train/6_154.npz
6_179,金,train,train/6_179.npz
6_182,挺,train,train/6_182.npz
6_188,茂,train,train/6_188.npz
6_192,秀,train,train/6_192.npz
6_198,刻,train,train/6_198.npz
6_200,述,train,train/6_200.npz
6_201,壮,train,train/6_201.npz
6_202,夫,train,train/6_202.npz
6_203,不,train,train/6_203.npz
6_209,之,train,train/6_209.npz
6_21,沛,train,train/6_21.npz
6_210,平,train,train/6_210.npz
6_220,居,train,train/6_220.npz
6_228,之,train,train/6_228.npz
6_234,之,train,train/6_234.npz
6_235,下,train,train/6_235.npz
6_238,自,train,train/6_238.npz
6_24,也,train,train/6_24.npz
6_240,泉,test,test/6_240.npz
6_241,石,train,train/6_241.npz
6_245,欣,train,train/6_245.npz
6_248,之,train,train/6_248.npz
6_252,可,train,train/6_252.npz
6_27,伊,train,train/6_27.npz
6_271,年,train,train/6_271.npz
6_278,春,test,test/6_278.npz
6_281,十,train,train/6_281.npz
6_283,五,train,train/6_283.npz
6_285,于,train,train/6_285.npz
6_293,人,train,train/6_293.npz
6_310,成,test,test/6_310.npz
6_312,被,train,train/6_312.npz
6_327,之,train,train/6_327.npz
6_333,之,train,train/6_333.npz
6_338,天,test,test/6_338.npz
6_341,不,train,train/6_341.npz
6_345,之,train,train/6_345.npz
6_349,清,train,train/6_349.npz
6_36,九,train,train/6_36.npz
6_360,十,train,train/6_360.npz
6_364,于,train,train/6_364.npz
6_37,州,train,train/6_37.npz
6_371,哀,train,train/6_371.npz
6_378,地,train,train/6_378.npz
6_379,泣,train,train/6_379.npz
6_385,内,test,test/6_385.npz
6_394,之,train,train/6_394.npz
6_409,寸,train,train/6_409.npz
6_425,室,train,train/6_425.npz
6_436,天,train,train/6_436.npz
6_441,之,train,train/6_441.npz
6_455,年,train,train/6_455.npz
6_456,十,train,train/6_456.npz
6_457,一,train,train/6_457.npz
6_458,月,train,train/6_458.npz
6_459,十,test,test/6_459.npz
6_461,日,train,train/6_461.npz
6_464,于,train,train/6_464.npz
6_469,父,train,train/6_469.npz
6_478,泉,train,train/6_478.npz
6_507,文,train,train/6_507.npz
6_51,格,train,train/6_51.npz
6_513,白,train,train/6_513.npz
6_52,天,train,train/6_52.npz
6_532,其,train,train/6_532.npz
6_533,一,train,train/6_533.npz
6_534,子,train,train/6_534.npz
6_55,被,train,train/6_55.npz
6_553,礼,train,train/6_553.npz
6_564,君,train,train/6_564.npz
6_567,丘,train,train/6_567.npz
6_576,仁,test,test/6_576.npz
6_596,三,test,test/6_596.npz
6_597,宅,train,train/6_597.npz
6_607,一,train,train/6_607.npz
6_61,日,train,train/6_61.npz
6_74,之,train,train/6_74.npz
6_78,在,train,train/6_78.npz
6_82,石,test,test/6_82.npz
6_83,泉,train,train/6_83.npz
6_85,可,train,train/6_85.npz
6_94,任,train,train/6_94.npz
7_1,唐,train,train/7_1.npz
7_10,柱,train,train/7_10.npz
7_100,典,train,train/7_100.npz
7_103,祖,train,train/7_103.npz
7_105,祖,test,test/7_105.npz
7_123,患,train,train/7_123.npz
7_124,不,train,train/7_124.npz
7_126,入,test,test/7_126.npz
7_134,之,train,train/7_134.npz
7_136,且,train,train/7_136.npz
7_144,祖,train,train/7_144.npz
7_146,府,train,train/7_146.npz
7_147,君,train,train/7_147.npz
7_153,光,test,test/7_153.npz
7_158,九,train,train/7_158.npz
7_16,君,train,train/7_16.npz
7_162,知,test,test/7_162.npz
7_163,言,test,test/7_163.npz
7_164,之,train,train/7_164.npz
7_167,之,train,train/7_167.npz
7_171,君,train,train/7_171.npz
7_173,而,test,test/7_173.npz
7_174,晦,train,train/7_174.npz
7_177,而,train,train/7_177.npz
7_184,慎,train,train/7_184.npz
7_189,忠,train,train/7_189.npz
7_192,拜,test,test/7_192.npz
7_193,文,test,test/7_193.npz
7_194,林,train,train/7_194.npz
7_196,守,train,train/7_196.npz
7_198,官,train,train/7_198.npz
7_2,故,train,train/7_2.npz
7_200,秩,train,train/7_200.npz
7_204,局,train,train/7_204.npz
7_210,令,test,test/7_210.npz
7_213,者,train,train/7_213.npz
7_218,人,train,train/7_218.npz
7_219,之,test,test/7_219.npz
7_225,府,train,train/7_225.npz
7_226,君,test,test/7_226.npz
7_231,力,test,test/7_231.npz
7_232,士,train,train/7_232.npz
7_235,君,train,train/7_235.npz
7_236,之,test,test/7_236.npz
7_237,信,train,train/7_237.npz
7_239,也,test,test/7_239.npz
7_245,而,train,train/7_245.npz
7_246,守,train,train/7_246.npz
7_248,立,train,train/7_248.npz
7_252,拜,train,train/7_252.npz
7_253,右,train,train/7_253.npz
7_256,大,train,train/7_256.npz
7_260,食,test,test/7_260.npz
7_261,本,train,train/7_261.npz
7_265,王,train,train/7_265.npz
7_268,存,train,train/7_268.npz
7_271,元,test,test/7_271.npz
7_275,天,train,train/7_275.npz
7_28,士,test,test/7_28.npz
7_282,大,train,train/7_282.npz
7_285,之,train,train/7_285.npz
7_288,拜,train,train/7_288.npz
7_292,夫,train,train/7_292.npz
7_293,守,train,train/7_293.npz
7_297,外,train,train/7_297.npz
7_3,中,train,train/7_3.npz
7_301,中,test,test/7_301.npz
7_302,大,test,test/7_302.npz
7_303,夫,train,train/7_303.npz
7_305,除,train,train/7_305.npz
7_308,出,train,train/7_308.npz
7_31,郎,train,train/7_31.npz
7_310,四,train,train/7_310.npz
7_311,代,test,test/7_311.npz
7_313,更,train,train/7_313.npz
7_317,不,test,test/7_317.npz
7_319,仁,train,train/7_319.npz
7_321,必,test,test/7_321.npz
7_322,合,test,test/7_322.npz
7_324,由,train,train/7_324.npz
7_325,是,train,train/7_325.npz
7_330,怨,train,train/7_330.npz
7_335,和,train,train/7_335.npz
7_338,且,train,train/7_338.npz
7_345,名,train,train/7_345.npz
7_346,成,train,train/7_346.npz
7_35,季,train,train/7_35.npz
7_352,命,train,train/7_352.npz
7_356,者,train,train/7_356.npz
7_362,十,train,train/7_362.npz
7_363,一,train,train/7_363.npz
7_364,年,train,train/7_364.npz
7_365,十,train,train/7_365.npz
7_367,月,train,train/7_367.npz
7_370,日,train,train/7_370.npz
7_375,里,train,train/7_375.npz
7_377,私,train,train/7_377.npz
7_379,春,train,train/7_379.npz
7_380,秋,train,train/7_380.npz
7_381,六,train,train/7_381.npz
7_382,十,test,test/7_382.npz
7_385,大,train,train/7_385.npz
7_387,之,train,train/7_387.npz
7_390,王,test,test/7_390.npz
7_392,中,train,train/7_392.npz
7_393,使,train,train/7_393.npz
7_4,大,train,train/7_4.npz
7_405,在,test,test/7_405.npz
7_406,甲,test,test/7_406.npz
7_407,子,train,train/7_407.npz
7_409,月,test,test/7_409.npz
7_414,一,train,train/7_414.npz
7_415,日,train,train/7_415.npz
7_424,白,train,train/7_424.npz
7_426,原,train,train/7_426.npz
7_438,皆,train,train/7_438.npz
7_439,官,test,test/7_439.npz
7_449,泉,train,train/7_449.npz
7_451,初,test,test/7_451.npz
7_452,府,train,train/7_452.npz
7_453,君,train,train/7_453.npz
7_459,往,train,train/7_459.npz
7_464,生,test,test/7_464.npz
7_465,者,train,train/7_465.npz
7_471,神,train,train/7_471.npz
7_477,真,train,train/7_477.npz
7_481,也,train,train/7_481.npz
7_482,乃,train,train/7_482.npz
7_486,相,test,test/7_486.npz
7_487,川,train,train/7_487.npz
7_495,自,train,train/7_495.npz
7_497,安,train,train/7_497.npz
7_498,神,train,train/7_498.npz
7_5,夫,train,train/7_5.npz
7_50,大,train,train/7_50.npz
7_507,君,train,train/7_507.npz
7_508,子,train,train/7_508.npz
7_514,乎,train,train/7_514.npz
7_515,知,train,train/7_515.npz
7_518,君,train,train/7_518.npz
7_519,自,train,train/7_519.npz
7_520,公,test,test/7_520.npz
7_523,存,train,train/7_523.npz
7_525,上,train,train/7_525.npz
7_527,每,train,train/7_527.npz
7_53,近,test,test/7_53.npz
7_531,之,train,train/7_531.npz
7_537,之,train,train/7_537.npz
7_543,真,train,train/7_543.npz
7_547,食,train,train/7_547.npz
7_55,位,train,train/7_55.npz
7_554,斯,test,test/7_554.npz
7_555,又,test,test/7_555.npz
7_558,之,train,train/7_558.npz
7_56,父,train,train/7_56.npz
7_561,也,train,train/7_561.npz
7_569,述,train,train/7_569.npz
7_575,敏,train,train/7_575.npz
7_576,敢,test,test/7_576.npz
7_584,一,train,train/7_584.npz
7_587,三,train,train/7_587.npz
7_588,千,train,train/7_588.npz
7_589,年,train,train/7_589.npz
7_598,出,train,train/7_598.npz
7_60,而,train,train/7_60.npz
7_601,而,train,train/7_601.npz
7_61,事,train,train/7_61.npz
7_611,君,train,train/7_611.npz
7_623,涕,train,train/7_623.npz
7_65,同,train,train/7_65.npz
7_7,内,train,train/7_7.npz
7_72,石,train,train/7_72.npz
7_81,悲,train,train/7_81.npz
7_83,府,train,train/7_83.npz
7_84,君,train,train/7_84.npz
7_87,字,train,train/7_87.npz
7_9,上,train,train/7_9.npz
7_93,也,train,train/7_93.npz
7_95,土,train,train/7_95.npz
8_153,而,train,train/8_153.npz
8_202,已,train,train/8_202.npz
8_235,丈,train,train/8_235.npz
8_30,居,train,train/8_30.npz
8_399,上,train,train/8_399.npz
8_492,有,train,train/8_492.npz
8_501,海,train,train/8_501.npz
8_527,天,train,train/8_527.npz
8_528,地,train,train/8_528.npz
8_584,有,train,train/8_584.npz
8_621,而,train,train/8_621.npz
8_677,仙,train,train/8_677.npz
8_706,乃,test,test/8_706.npz
8_727,名,train,train/8_727.npz
8_729,桐,train,train/8_729.npz
8_759,而,train,train/8_759.npz
8_760,威,test,test/8_760.npz
8_868,地,test,test/8_868.npz
